<?xml version="1.0"?>
<mapping>
	<dbms product="JAVADB" id="javadb_id" label="Mapping JavaDB"
		default="true">
		<dbTypes>
			<dbType type="BIGINT" ignoreLen="true" ignorePre="true" />
			<dbType type="BLOB" ignorePre="true" />
			<dbType type="CHAR" defaultLength="50" ignorePre="true"/>
			<dbType type="CHAR FOR BIT DATA" defaultLength="1" ignorePre="true"/>
			<dbType type="CLOB"  ignorePre="true"/>
			<dbType type="DOUBLE PRECISION" />
			<dbType type="DATE" ignoreLen="true" ignorePre="true" />
			<dbType type="DECIMAL" defaultLength="20" defaultPrecision="10"/>
			<dbType type="FLOAT" defaultLength="53" ignorePre="true"/>
			<dbType type="INTEGER" ignoreLen="true" ignorePre="true" />
			<dbType type="LONG VARCHAR" ignorePre="true"/>
			<dbType type="LONG VARCHAR FOR BIT DATA" ignorePre="true" />
			<dbType type="NUMERIC" defaultLength="20" defaultPrecision="10"/>
			<dbType type="REAL" />
			<dbType type="SMALLINT" ignoreLen="true" ignorePre="true" />
			<dbType type="TIME" ignoreLen="true" ignorePre="true" />
			<dbType type="TIMESTAMP" ignoreLen="true" ignorePre="true" />
			<dbType type="VARCHAR" default="true" defaultLength="200" ignorePre="true"/>
			<dbType type="VARCHAR FOR BIT DATA" ignorePre="true" />
			<dbType type="XML" ignoreLen="true" ignorePre="true" />
		</dbTypes>

		<language name="java">
			<talendToDbTypes><!-- Adviced mappings  -->
				<talendType type="id_List"/>
				<talendType type="id_Boolean">					
				</talendType>
				<talendType type="id_Byte">
					<dbType type="SMALLINT" default="true" />
					<dbType type="BIGINT" />
					<dbType type="INTEGER" />			
				</talendType>
				<talendType type="id_byte[]">
				</talendType>
				<talendType type="id_Character">
					<dbType type="CHAR" default="true" />
					<dbType type="CHAR FOR BIT DATA"/>
					<dbType type="LONG VARCHAR" />
					<dbType type="LONG VARCHAR FOR BIT DATA" />
					<dbType type="VARCHAR" />
					<dbType type="VARCHAR FOR BIT DATA" />
				</talendType>
				<talendType type="id_Date">
					<dbType type="DATE" default="true" />
					<dbType type="TIME" />	
					<dbType type="TIMESTAMP" />
				</talendType>
				<talendType type="id_BigDecimal">
					<dbType type="DECIMAL" default="true" />
					<dbType type="FLOAT" />	
					<dbType type="DOUBLE PRECISION" />		
					<dbType type="NUMERIC" />
					<dbType type="REAL" />	
				</talendType>
				<talendType type="id_Double">
					<dbType type="DOUBLE PRECISION" default="true" />
					<dbType type="FLOAT" />	
					<dbType type="DECIMAL" />		
					<dbType type="NUMERIC" />
					<dbType type="REAL" />	
				</talendType>
				<talendType type="id_Float">
					<dbType type="FLOAT" default="true" />
					<dbType type="DOUBLE PRECISION"/>
					<dbType type="DECIMAL" />
					<dbType type="NUMERIC" />
					<dbType type="REAL" />
				</talendType>
				<talendType type="id_Integer">
					<dbType type="INTEGER" default="true" />
					<dbType type="BIGINT" />
					<dbType type="SMALLINT" />
				</talendType>
				<talendType type="id_Long">
					<dbType type="BIGINT" default="true" />	
					<dbType type="INTEGER" />
					<dbType type="SMALLINT" />	
				</talendType>
				<talendType type="id_Object">
					<dbType type="BLOB" default="true"/>
					<dbType type="CLOB" />
					<dbType type="XML" />
				</talendType>
				<talendType type="id_Short">
					<dbType type="SMALLINT" default="true" />
					<dbType type="INTEGER" />
					<dbType type="BIGINT"/>
				</talendType>
				<talendType type="id_String">
					<dbType type="VARCHAR" default="true" />
					<dbType type="LONG VARCHAR" />
					<dbType type="LONG VARCHAR FOR BIT DATA"/>
					<dbType type="VARCHAR FOR BIT DATA" />
					<dbType type="CHAR" />		
					<dbType type="CHAR FOR BIT DATA" />
				</talendType>
			</talendToDbTypes>
			<dbToTalendTypes>
				<dbType type="BIGINT">
					<talendType type="id_Long" default="true" />
					<talendType type="id_Integer"/>
					<talendType type="id_Short"/>
				</dbType>
				<dbType type="BLOB">
					<talendType type="id_Object" default="true" />
				</dbType>
				<dbType type="CHAR">
					<talendType type="id_String" default="true" />
				</dbType>
				<dbType type="CHAR FOR BIT DATA">
					<talendType type="id_String" default="true" />
				</dbType>
				<dbType type="CLOB">
					<talendType type="id_Object" default="true" />
				</dbType>
				<dbType type="DOUBLE PRECISION">
					<talendType type="id_Double" default="true" />
					<talendType type="id_BigDecimal"/>
					<talendType type="id_Float"/>
				</dbType>
				<dbType type="DATE">
					<talendType type="id_Date" default="true" />
				</dbType>
				<dbType type="DECIMAL">
					<talendType type="id_Float"/>
					<talendType type="id_BigDecimal" default="true"/>
					<talendType type="id_Double"/>
				</dbType>
				<dbType type="FLOAT">
					<talendType type="id_Float" default="true" />
					<talendType type="id_BigDecimal"/>
				</dbType>
				<dbType type="INTEGER">
					<talendType type="id_Integer" default="true" />
					<talendType type="id_Long"/>
					<talendType type="id_Short"/>
				</dbType>
				<dbType type="LONG VARCHAR">
					<talendType type="id_String" default="true" />
				</dbType>
				<dbType type="LONG VARCHAR FOR BIT DATA">
					<talendType type="id_String" default="true" />
				</dbType>
				<dbType type="NUMERIC">
					<talendType type="id_Float"/>
					<talendType type="id_BigDecimal" default="true"/>
					<talendType type="id_Double"/>
				</dbType>
				<dbType type="REAL">
					<talendType type="id_Float" default="true" />
					<talendType type="id_BigDecimal"/>
					<talendType type="id_Double"/>
				</dbType>
				<dbType type="SMALLINT">
					<talendType type="id_Short" default="true" />
					<talendType type="id_Integer"/>
					<talendType type="id_Long"/>
				</dbType>
				<dbType type="TIME">
					<talendType type="id_Date" default="true" />
				</dbType>
				<dbType type="TIMESTAMP">
					<talendType type="id_Date" default="true" />
				</dbType>
				<dbType type="VARCHAR">
					<talendType type="id_String" default="true" />
				</dbType>
				<dbType type="VARCHAR FOR BIT DATA">
					<talendType type="id_String" default="true" />
				</dbType>
				<dbType type="XML">
					<talendType type="id_Object" default="true" />
				</dbType>
			</dbToTalendTypes>
		</language>
	</dbms>

</mapping>
