<?xml version="1.0"?>
<mapping>
	<dbms product="IBM_DB2" id="ibmdb2_id" label="Mapping IBMDB2"
		default="true">
		<dbTypes>
				<dbType type="BIGINT" ignoreLen="true" ignorePre="true"/>
				<dbType type="BLOB" defaultLength="10" ignorePre="true"/>
				<dbType type="CHARACTER" defaultLength="50" ignorePre="true"/>
				<dbType type="CHAR" defaultLength="50" ignorePre="true"/>
				<dbType type="CLOB" ignorePre="true"/>
				<dbType type="DATE" ignoreLen="true" ignorePre="true"/>
				<dbType type="DECIMAL" defaultLength="20" defaultPrecision="10"/>
				<dbType type="DOUBLE" ignoreLen="true" ignorePre="true"/>
				<dbType type="FLOAT" ignoreLen="true" ignorePre="true" />
				<dbType type="GRAPHIC" defaultLength="20" ignoreLen="true" ignorePre="true"/>
				<dbType type="INTEGER" ignoreLen="true" ignorePre="true"/>
				<dbType type="LONG VARCHAR" ignoreLen="true" ignorePre="true"/>
				<dbType type="NUMERIC" defaultLength="20" defaultPrecision="10"/>
				<dbType type="SMALLINT" ignoreLen="true" ignorePre="true"/>
				<dbType type="TIME" ignoreLen="true" ignorePre="true"/>
				<dbType type="TIMESTAMP" ignoreLen="true" ignorePre="true"/>
				<dbType type="VARCHAR" default="true" defaultLength="200" ignorePre="true"/>
				<dbType type="VARGRAPHIC" defaultLength="20" ignorePre="true"/>
				<dbType type="XML" ignoreLen="true" ignorePre="true"/>
		</dbTypes>

		<language name="java">
			<talendToDbTypes><!-- Adviced mappings  -->
				<talendType type="id_List"/>
				<talendType type="id_Boolean">
					<dbType type="CHAR" default="true"/>
					<dbType type="INTEGER" />
				</talendType>		
				<talendType type="id_Byte">
				</talendType>				
				<talendType type="id_byte[]">
				</talendType>			
				<talendType type="id_Character">
					<dbType type="CHARACTER" default="true"/>
					<dbType type="VARCHAR"/>
					<dbType type="LONG VARCHAR"/>
					<dbType type="CHAR"/>
					
				</talendType>				
				<talendType type="id_Date">
					<dbType type="DATE"/>
					<dbType type="TIME"/>
					<dbType type="TIMESTAMP" default="true"/>
				</talendType>				
				<talendType type="id_BigDecimal">
					<dbType type="DECIMAL" default="true"/>
					<dbType type="NUMERIC"/>
				</talendType>				
				<talendType type="id_Double">
				    <dbType type="DOUBLE" default="true"/>
					<dbType type="DECIMAL"/>
					<dbType type="FLOAT"/>
					<dbType type="NUMERIC"/>
				</talendType>				
				<talendType type="id_Float">
					<dbType type="FLOAT" default="true"/>
					<dbType type="DECIMAL"/>
					<dbType type="DOUBLE"/>
					<dbType type="NUMERIC"/>
				</talendType>			
				<talendType type="id_Integer">
					<dbType type="INTEGER" default="true"/>
				</talendType>				
				<talendType type="id_Long">
					<dbType type="BIGINT" default="true"/>
					<dbType type="INTEGER"/>
					<dbType type="SMALLINT"/>
				</talendType>				
				<talendType type="id_Object">
					<dbType type="BLOB" default="true"/>
					<dbType type="CLOB"/>
					<dbType type="DECIMAL"/>
					<dbType type="GRAPHIC"/>
					<dbType type="VARGRAPHIC"/>
					<dbType type="XML"/>
				</talendType>			
				<talendType type="id_Short">
					<dbType type="SMALLINT" default="true"/>
					<dbType type="INTEGER"/>
					<dbType type="BIGINT"/>
				</talendType>				
				<talendType type="id_String">
					<dbType type="VARCHAR" default="true"/>
					<dbType type="LONG VARCHAR"/>
				</talendType>	
			</talendToDbTypes>
			<dbToTalendTypes><!-- Adviced mappings  -->
				<dbType type="BIGINT">
					<talendType type="id_Long" default="true" />
					<talendType type="id_Short"/>
					<talendType type="id_Integer"/>
				</dbType>
				<dbType type="BLOB">
					<talendType type="id_Object" default="true" />
				</dbType>
				<dbType type="CHARACTER">
					<talendType type="id_String" default="true" />
				</dbType>
				<dbType type="CHAR">
					<talendType type="id_String" default="true" />
					<talendType type="id_Boolean"  />
				</dbType>
				<dbType type="CLOB">
					<talendType type="id_Object" default="true" />
				</dbType>
				<dbType type="DATE">
					<talendType type="id_Date" default="true" />
				</dbType>
				<dbType type="DECIMAL">
					<talendType type="id_Float"/>
					<talendType type="id_BigDecimal" default="true"/>
					<talendType type="id_Double"/>
				</dbType>
				<dbType type="DOUBLE">
					<talendType type="id_Double" default="true" />
					<talendType type="id_BigDecimal"/>
					<talendType type="id_Float"/>
				</dbType>
				<dbType type="FLOAT">
					<talendType type="id_Float" default="true" />
					<talendType type="id_BigDecimal"/>
					<talendType type="id_Double"/>
				</dbType>
				<dbType type="GRAPHIC">
					<talendType type="id_Object" default="true" />
				</dbType>
				<dbType type="INTEGER">
					<talendType type="id_Integer" default="true" />
					<talendType type="id_Long"/>
					<talendType type="id_Short"/>
				</dbType>
				<dbType type="LONG VARCHAR">
					<talendType type="id_String" default="true" />
				</dbType>
				<dbType type="NUMERIC">
					<talendType type="id_Float"/>
					<talendType type="id_BigDecimal" default="true"/>
					<talendType type="id_Double"/>
				</dbType>
				<dbType type="SMALLINT">
					<talendType type="id_Short" default="true" />
					<talendType type="id_Integer"/>
					<talendType type="id_Long"/>
				</dbType>
				<dbType type="TIME">
					<talendType type="id_Date" default="true" />
				</dbType>
				<dbType type="TIMESTAMP">
					<talendType type="id_Date" default="true" />
				</dbType>
				<dbType type="VARCHAR">
					<talendType type="id_String" default="true" />
				</dbType>
				<dbType type="VARGRAPHIC">
					<talendType type="id_Object" default="true" />
				</dbType>
				<dbType type="XML">
					<talendType type="id_Object" default="true" />
				</dbType>
			</dbToTalendTypes>
		</language>
	</dbms>

</mapping>
