<?xml version="1.0"?>
<mapping>
	<dbms product="SAPHANA" id="saphana_id" label="Mapping SAPHana" default="true">
		<dbTypes>
			<dbType type="TIMESTAMP" ignoreLen="true" ignorePre="true"/>
			<dbType type="SECONDDATE" ignoreLen="true" ignorePre="true"/>
			<dbType type="DATE" ignoreLen="true" ignorePre="true"/>
			<dbType type="TIME" ignoreLen="true" ignorePre="true"/>
			<dbType type="DOUBLE" ignoreLen="true" ignorePre="true"/>
			<dbType type="FLOAT" ignoreLen="false" ignorePre="true"/>
			<dbType type="REAL" ignoreLen="true" ignorePre="true"/>
			<dbType type="DECIMAL" ignoreLen="false" ignorePre="false"/>
			<dbType type="SMALLDECIMAL" ignoreLen="true" ignorePre="true"/>
			<dbType type="BIGINT" ignoreLen="true" ignorePre="true"/>
			<dbType type="INTEGER" ignoreLen="true" ignorePre="true"/>
			<dbType type="SMALLINT" ignoreLen="true" ignorePre="true"/>
			<dbType type="TINYINT" ignoreLen="true" ignorePre="true"/>
			<dbType type="NCLOB" ignoreLen="true" ignorePre="true"/>
			<dbType type="NVARCHAR" default="true" defaultLength="200" ignoreLen="false" ignorePre="true"/>
			<dbType type="CLOB" ignoreLen="true" ignorePre="true"/>
			<dbType type="VARCHAR" default="true" defaultLength="200" ignoreLen="false" ignorePre="true"/>
			<dbType type="BLOB" ignoreLen="true" ignorePre="true"/>
			<dbType type="VARBINARY" defaultLength="20" ignoreLen="false" ignorePre="true"/>
		</dbTypes>

		<language name="java">
			<talendToDbTypes><!-- Adviced mappings  -->
				<talendType type="id_List">
				</talendType>
				<talendType type="id_Boolean">
					<dbType type="INTEGER" />
				</talendType>
				<talendType type="id_Byte">						
					<dbType type="TINYINT"/>
				</talendType>
				<talendType type="id_byte[]">
					<dbType type="VARBINARY"/>
				</talendType>
				<talendType type="id_Character">
					<dbType type="VARCHAR"/>
				</talendType>
				<talendType type="id_Date">
					<dbType type="DATE" default="true"/>
					<dbType type="SECONDDATE"/>
					<dbType type="TIMESTAMP"/>
					<dbType type="TIME"/>
				</talendType>
				<talendType type="id_BigDecimal">
					<dbType type="DECIMAL" default="true"/>
					<dbType type="SMALLDECIMAL"/>
				</talendType>
				<talendType type="id_Double">
					<dbType type="REAL" default="true"/>
					<dbType type="DOUBLE"/>
				</talendType>
				<talendType type="id_Float">
					<dbType type="FLOAT" default="true"/>
				</talendType>
				<talendType type="id_Integer">
					<dbType type="INTEGER" default="true"/>
				</talendType>
				<talendType type="id_Long">
					<dbType type="BIGINT" default="true"/>
				</talendType>
				<talendType type="id_Object">
					<dbType type="BLOB" default="true"/>
					<dbType type="CLOB"/>
					<dbType type="NCLOB"/>
				</talendType>
				<talendType type="id_Short">
					<dbType type="SMALLINT" default="true"/>
				</talendType>
				<talendType type="id_String">
					<dbType type="VARCHAR" default="true"/>
					<dbType type="NVARCHAR"/>
				</talendType>
			</talendToDbTypes>
			<dbToTalendTypes><!-- Adviced mappings  -->
				<dbType type="TIMESTAMP">
					<talendType type="id_Date" default="true" />
				</dbType>				
				<dbType type="SECONDDATE">
					<talendType type="id_Date" default="true" />
				</dbType>
				<dbType type="DATE">
					<talendType type="id_Date" default="true" />
				</dbType>
				<dbType type="TIME">
					<talendType type="id_Date" default="true" />
				</dbType>
				<dbType type="DOUBLE">
					<talendType type="id_Double" default="true" />
					<talendType type="id_BigDecimal"/>
				</dbType>
				<dbType type="FLOAT">
					<talendType type="id_Float" default="true" />
					<talendType type="id_Double" />
					<talendType type="id_BigDecimal"/>
				</dbType>				
				<dbType type="REAL">
					<talendType type="id_Double" default="true"/>
					<talendType type="id_Float"/>
					<talendType type="id_BigDecimal"/>
				</dbType>
				<dbType type="DECIMAL">
					<talendType type="id_BigDecimal" default="true" />
					<talendType type="id_Double"/>
					<talendType type="id_Float"/>
				</dbType>
				<dbType type="SMALLDECIMAL">
					<talendType type="id_BigDecimal" default="true" />
					<talendType type="id_Double"/>
					<talendType type="id_Float"/>
				</dbType>
				<dbType type="BIGINT">
					<talendType type="id_Long" default="true" />
				</dbType>
				<dbType type="INTEGER">
					<talendType type="id_Integer" default="true" />
					<talendType type="id_Long"/>
				</dbType>
				<dbType type="SMALLINT">
					<talendType type="id_Short" default="true" />
					<talendType type="id_Integer"/>
					<talendType type="id_Long"/>
				</dbType>
				<dbType type="TINYINT">
					<talendType type="id_Byte" default="true" />
					<talendType type="id_Short"/>
					<talendType type="id_Integer"/>
					<talendType type="id_Long"/>
				</dbType>
				<dbType type="NCLOB">
					<talendType type="id_Object" default="true" />
				</dbType>
				<dbType type="NVARCHAR">
					<talendType type="id_String" default="true" />
				</dbType>
				<dbType type="CLOB">
					<talendType type="id_Object" default="true" />
				</dbType>				
				<dbType type="VARCHAR">
					<talendType type="id_String" default="true" />
				</dbType>
				<dbType type="BLOB">
					<talendType type="id_Object" default="true" />
				</dbType>
				<dbType type="VARBINARY">
					<talendType type="id_byte[]" default="true" />				
				</dbType>
			</dbToTalendTypes>
		</language>
	</dbms>

</mapping>
