<?xml version="1.0"?>
<mapping>
	<dbms product="INTERBASE" id="interbase_id" label="Mapping Interbase"
		default="true">
		<dbTypes>
			<dbType type="BLOB" ignorePre="true" />
			<dbType type="BOOLEAN" ignoreLen="true" ignorePre="true" />
			<dbType type="CHAR" defaultLength="50" ignorePre="true"/>
			<dbType type="DATE" ignoreLen="true" ignorePre="true" />
			<dbType type="DECIMAL" defaultLength="20" defaultPrecision="10" />
			<dbType type="DOUBLE PRECISION" />
			<dbType type="FLOAT" ignoreLen="true" ignorePre="true" />
			<dbType type="INTEGER" ignoreLen="true" ignorePre="true" />
			<dbType type="NUMERIC" defaultLength="20" defaultPrecision="10" />
			<dbType type="SMALLINT" ignoreLen="true" ignorePre="true" />
			<dbType type="TIME" ignoreLen="true" ignorePre="true" />
			<dbType type="TIMESTAMP" ignoreLen="true" ignorePre="true" />
			<dbType type="VARCHAR" default="true" defaultLength="200" ignorePre="true"/>
		</dbTypes>

		<language name="java">
			<talendToDbTypes>
				<!-- Adviced mappings  -->
				<talendType type="id_List"/>
				<talendType type="id_Boolean">	
					<dbType type="BOOLEAN" default="true" />				
				</talendType>
				<talendType type="id_Byte">				
				</talendType>
				<talendType type="id_byte[]">
				</talendType>
				<talendType type="id_Character">
					<dbType type="CHAR" default="true"/>
					<dbType type="VARCHAR"/>
				</talendType>
				<talendType type="id_Date">
					<dbType type="DATE" default="true"/>
					<dbType type="TIME" />
					<dbType type="TIMESTAMP" />			
				</talendType>
				<talendType type="id_BigDecimal">
					<dbType type="DECIMAL" default="true"/>
					<dbType type="FLOAT" />
					<dbType type="DOUBLE PRECISION" />
					<dbType type="NUMERIC" />				
				</talendType>
				<talendType type="id_Double">
					<dbType type="DOUBLE PRECISION" default="true"/>
					<dbType type="FLOAT" />
					<dbType type="DECIMAL" />
					<dbType type="NUMERIC" />				
				</talendType>
				<talendType type="id_Float">
					<dbType type="FLOAT" default="true"/>
					<dbType type="DOUBLE PRECISION" />
					<dbType type="DECIMAL" />
					<dbType type="NUMERIC" />
				</talendType>
				<talendType type="id_Integer">
					<dbType type="INTEGER" default="true"/>
				</talendType>
				<talendType type="id_Long">
					<dbType type="INTEGER" default="true"/>	
				</talendType>
				<talendType type="id_Object">
					<dbType type="BLOB" default="true"/>
				</talendType>
				<talendType type="id_Short">
					<dbType type="SMALLINT" default="true"/>
				</talendType>
				<talendType type="id_String">
					<dbType type="VARCHAR" default="true"/>
					<dbType type="CHAR"/>	
				</talendType>
			</talendToDbTypes>
			<dbToTalendTypes>
				<dbType type="BLOB">
					<talendType type="id_Object" default="true" />
				</dbType>
				<dbType type="BOOLEAN">
					<talendType type="id_Boolean" default="true" />
				</dbType>
				<dbType type="CHAR">
					<talendType type="id_String" default="true" />
					<talendType type="id_Character"/>
				</dbType>
				<dbType type="DATE">
					<talendType type="id_Date" default="true" />
				</dbType>
				<dbType type="DECIMAL">
					<talendType type="id_Double"/>
					<talendType type="id_BigDecimal" default="true"/>
					<talendType type="id_Float"/>
				</dbType>
				<dbType type="DOUBLE PRECISION">
					<talendType type="id_Double" default="true" />
					<talendType type="id_BigDecimal"/>
					<talendType type="id_Float"/>
				</dbType>
				<dbType type="FLOAT">
					<talendType type="id_Float" default="true" />
					<talendType type="id_BigDecimal"/>
					<talendType type="id_Double"/>
				</dbType>
				<dbType type="INTEGER">
					<talendType type="id_Integer" default="true" />
				</dbType>
				<dbType type="NUMERIC">
					<talendType type="id_Double"/>
					<talendType type="id_BigDecimal" default="true"/>
					<talendType type="id_Float"/>
				</dbType>
				<dbType type="SMALLINT">
					<talendType type="id_Short" default="true" />
				</dbType>
				<dbType type="TIME">
					<talendType type="id_Date" default="true" />
				</dbType>
				<dbType type="TIMESTAMP">
					<talendType type="id_Date" default="true" />
				</dbType>
				<dbType type="VARCHAR">
					<talendType type="id_String" default="true" />
				</dbType>
			</dbToTalendTypes>
		</language>
	</dbms>

</mapping>
